{"cameraMode":{"drawMode":0,"name":"Shaded","section":"Shading Mode"},"sceneLighting":false,"audioPlay":false,"sceneViewState":{"m_AlwaysRefresh":false,"showFog":true,"showSkybox":false,"showFlares":true,"showImageEffects":true,"showParticleSystems":true,"showVisualEffectGraphs":true,"m_FxEnabled":true},"in2DMode":false,"pivot":{"x":-4.800078392028809,"y":3.864521026611328,"z":-0.4798622131347656},"rotation":{"x":-0.1558343470096588,"y":-0.03593045845627785,"z":0.0018280668882653118,"w":-0.9874235391616821},"size":0.34814736247062685,"orthographic":false}