{"cameraMode":{"drawMode":0,"name":"Shaded","section":"Shading Mode"},"sceneLighting":false,"audioPlay":false,"sceneViewState":{"m_AlwaysRefresh":false,"showFog":true,"showSkybox":false,"showFlares":true,"showImageEffects":true,"showParticleSystems":true,"showVisualEffectGraphs":true,"m_FxEnabled":true},"in2DMode":false,"pivot":{"x":47.443115234375,"y":-4.208657264709473,"z":3.2674999237060549},"rotation":{"x":-0.22505630552768708,"y":-0.016839178279042245,"z":-0.0006107830558903515,"w":-0.9745128154754639},"size":0.3819679319858551,"orthographic":false}